{"cameraMode":{"drawMode":0,"name":"Shaded","section":"Shading Mode"},"sceneLighting":false,"audioPlay":false,"sceneViewState":{"showFog":true,"showMaterialUpdate":false,"showSkybox":false,"showFlares":true,"showImageEffects":true,"showParticleSystems":true},"in2DMode":false,"pivot":{"x":-3.753145217895508,"y":4.4430952072143559,"z":32.95707321166992},"rotation":{"x":-0.10144665092229843,"y":0.7542570233345032,"z":-0.1200268566608429,"w":-0.6374956965446472},"size":28.523378372192384,"orthographic":false}